<?xml version="1.0" encoding="UTF-8" standalone="yes"?>
<addon id="repository.un5ki11ed" name="un5ki11ed Addons" version="1.0.0" provider-name="un5ki11ed and many others">
	<extension point="xbmc.addon.repository" name="un5ki11ed Addons">
		<info compressed="false">http://un5ki11ed.github.io/addons.xml</info>
		<checksum>http://un5ki11ed.github.io/addons.xml.md5</checksum>
		<datadir zip="true">http://un5ki11ed.github.io/</datadir>
	</extension>
	<extension point="xbmc.addon.metadata">
		<summary>un5ki11ed Addons</summary>
		<description>un5ki11ed's Addon-Repository</description>
		<disclaimer lang="en">Some parts of this addon may not be legal in your country of residence - please check with
			your local laws before installing.
		</disclaimer>
		<disclaimer lang="de">Einige Teile dieses Addons sind möglicherweise in Ihrem Land nicht legal - bitte prüfen
			Sie Ihre lokal gültigen Gesetze vor der Installation.
		</disclaimer>
		<language>en de</language>
		<platform>all</platform>
	</extension>
</addon>

